#,Name,B4 Elite4,Available (in Emerald),Note,Uses,Type 1,Type 2,,,,,,,,,
1,Bulbasaur,FALSE,FALSE,,0,Grass,Poison,,,,,,,,,
2,Ivysaur,FALSE,FALSE,,0,Grass,Poison,,,,,,,,,
3,Venusaur,FALSE,FALSE,,0,Grass,Poison,,,,,,,,,
4,Charmander,FALSE,FALSE,,0,Fire,,,,,,,,,,
5,Charmeleon,FALSE,FALSE,,0,Fire,,,,,,,,,,
6,Charizard,FALSE,FALSE,,0,Fire,Flying,,,,,,,,,
7,Squirtle,FALSE,FALSE,,0,Water,,,,,,,,,,
8,Wartortle,FALSE,FALSE,,0,Water,,,,,,,,,,
9,Blastoise,FALSE,FALSE,,0,Water,,,,,,,,,,
10,Caterpie,FALSE,FALSE,,0,Bug,,,,,,,,,,
11,Metapod,FALSE,FALSE,,0,Bug,,,,,,,,,,
12,Butterfree,FALSE,FALSE,,0,Bug,Flying,,,,,,,,,
13,Weedle,FALSE,FALSE,,0,Bug,Poison,,,,,,,,,
14,Kakuna,FALSE,FALSE,,0,Bug,Poison,,,,,,,,,
15,Beedrill,FALSE,FALSE,,0,Bug,Poison,,,,,,,,,
16,Pidgey,FALSE,FALSE,,0,Normal,Flying,,,,,,,,,
17,Pidgeotto,FALSE,FALSE,,0,Normal,Flying,,,,,,,,,
18,Pidgeot,FALSE,FALSE,,0,Normal,Flying,,,,,,,,,
19,Rattata,FALSE,FALSE,,0,Normal,,,,,,,,,,
20,Raticate,FALSE,FALSE,,0,Normal,,,,,,,,,,
21,Spearow,FALSE,FALSE,,0,Normal,Flying,,,,,,,,,
22,Fearow,FALSE,FALSE,,0,Normal,Flying,,,,,,,,,
23,Ekans,FALSE,FALSE,,0,Poison,,,,,,,,,,
24,Arbok,FALSE,FALSE,,0,Poison,,,,,,,,,,
25,Pikachu,FALSE,TRUE,,0,Electric,,,,,,,,,,
26,Raichu,FALSE,TRUE,,0,Electric,,,,,,,,,,
27,Sandshrew,TRUE,TRUE,,0,Ground,,,,,,,,,,
28,Sandslash,TRUE,TRUE,,0,Ground,,,,,,,,,,
29,Nidoran♀,FALSE,FALSE,,0,Poison,,,,,,,,,,
30,Nidorina,FALSE,FALSE,,0,Poison,,,,,,,,,,
31,Nidoqueen,FALSE,FALSE,,0,Poison,Ground,,,,,,,,,
32,Nidoran♂,FALSE,FALSE,,0,Poison,,,,,,,,,,
33,Nidorino,FALSE,FALSE,,0,Poison,,,,,,,,,,
34,Nidoking,FALSE,FALSE,,0,Poison,Ground,,,,,,,,,
35,Clefairy,FALSE,FALSE,,0,Fairy,,,,,,,,,,
36,Clefable,FALSE,FALSE,,0,Fairy,,,,,,,,,,
37,Vulpix,TRUE,TRUE,,0,Fire,,,,,,,,,,
38,Ninetales,TRUE,TRUE,,0,Fire,,,,,,,,,,
39,Jigglypuff,TRUE,TRUE,,0,Normal,Fairy,,,,,,,,,
40,Wigglytuff,TRUE,TRUE,,0,Normal,Fairy,,,,,,,,,
41,Zubat,TRUE,TRUE,,0,Poison,Flying,,,,,,,,,
42,Golbat,TRUE,TRUE,,0,Poison,Flying,,,,,,,,,
43,Oddish,TRUE,TRUE,,0,Grass,Poison,,,,,,,,,
44,Gloom,TRUE,TRUE,,0,Grass,Poison,,,,,,,,,
45,Vileplume,TRUE,TRUE,,0,Grass,Poison,,,,,,,,,
46,Paras,FALSE,FALSE,,0,Bug,Grass,,,,,,,,,
47,Parasect,FALSE,FALSE,,0,Bug,Grass,,,,,,,,,
48,Venonat,FALSE,FALSE,,0,Bug,Poison,,,,,,,,,
49,Venomoth,FALSE,FALSE,,0,Bug,Poison,,,,,,,,,
50,Diglett,FALSE,FALSE,,0,Ground,,,,,,,,,,
51,Dugtrio,FALSE,FALSE,,0,Ground,,,,,,,,,,
52,Meowth,FALSE,TRUE,,0,Normal,,,,,,,,,,
53,Persian,FALSE,FALSE,,0,Normal,,,,,,,,,,
54,Psyduck,FALSE,TRUE,,0,Water,,,,,,,,,,
55,Golduck,FALSE,TRUE,,0,Water,,,,,,,,,,
56,Mankey,FALSE,FALSE,,0,Fighting,,,,,,,,,,
57,Primeape,FALSE,FALSE,,0,Fighting,,,,,,,,,,
58,Growlithe,FALSE,FALSE,,0,Fire,,,,,,,,,,
59,Arcanine,FALSE,FALSE,,0,Fire,,,,,,,,,,
60,Poliwag,FALSE,FALSE,,0,Water,,,,,,,,,,
61,Poliwhirl,FALSE,FALSE,,0,Water,,,,,,,,,,
62,Poliwrath,FALSE,FALSE,,0,Water,Fighting,,,,,,,,,
63,Abra,TRUE,TRUE,,0,Psychic,,,,,,,,,,
64,Kadabra,TRUE,TRUE,,0,Psychic,,,,,,,,,,
65,Alakazam,FALSE,FALSE,trade,0,Psychic,,,,,,,,,,
66,Machop,TRUE,TRUE,,0,Fighting,,,,,,,,,,
67,Machoke,TRUE,TRUE,,0,Fighting,,,,,,,,,,
68,Machamp,FALSE,FALSE,trade,0,Fighting,,,,,,,,,,
69,Bellsprout,FALSE,FALSE,,0,Grass,Poison,,,,,,,,,
70,Weepinbell,FALSE,FALSE,,0,Grass,Poison,,,,,,,,,
71,Victreebel,FALSE,FALSE,,0,Grass,Poison,,,,,,,,,
72,Tentacool,TRUE,TRUE,,0,Water,Poison,,,,,,,,,
73,Tentacruel,TRUE,TRUE,,0,Water,Poison,,,,,,,,,
74,Geodude,TRUE,TRUE,,0,Rock,Ground,,,,,,,,,
75,Graveler,TRUE,TRUE,,0,Rock,Ground,,,,,,,,,
76,Golem,FALSE,FALSE,trade,0,Rock,Ground,,,,,,,,,
77,Ponyta,FALSE,FALSE,,0,Fire,,,,,,,,,,
78,Rapidash,FALSE,FALSE,,0,Fire,,,,,,,,,,
79,Slowpoke,FALSE,FALSE,,0,Water,Psychic,,,,,,,,,
80,Slowbro,FALSE,FALSE,,0,Water,Psychic,,,,,,,,,
81,Magnemite,TRUE,TRUE,,0,Electric,Steel,,,,,,,,,
82,Magneton,TRUE,TRUE,,0,Electric,Steel,,,,,,,,,
83,Farfetch'd,FALSE,FALSE,,0,Normal,Flying,,,,,,,,,
84,Doduo,FALSE,TRUE,,0,Normal,Flying,,,,,,,,,
85,Dodrio,FALSE,TRUE,,0,Normal,Flying,,,,,,,,,
86,Seel,FALSE,FALSE,,0,Water,,,,,,,,,,
87,Dewgong,FALSE,FALSE,,0,Water,Ice,,,,,,,,,
88,Grimer,TRUE,TRUE,,0,Poison,,,,,,,,,,
89,Muk,TRUE,TRUE,,0,Poison,,,,,,,,,,
90,Shellder,FALSE,FALSE,,0,Water,,,,,,,,,,
91,Cloyster,FALSE,FALSE,,0,Water,Ice,,,,,,,,,
92,Gastly,FALSE,FALSE,,0,Ghost,Poison,,,,,,,,,
93,Haunter,FALSE,FALSE,,0,Ghost,Poison,,,,,,,,,
94,Gengar,FALSE,FALSE,,0,Ghost,Poison,,,,,,,,,
95,Onix,FALSE,FALSE,,0,Rock,Ground,,,,,,,,,
96,Drowzee,FALSE,FALSE,,0,Psychic,,,,,,,,,,
97,Hypno,FALSE,FALSE,,0,Psychic,,,,,,,,,,
98,Krabby,FALSE,FALSE,,0,Water,,,,,,,,,,
99,Kingler,FALSE,FALSE,,0,Water,,,,,,,,,,
100,Voltorb,TRUE,TRUE,,0,Electric,,,,,,,,,,
101,Electrode,TRUE,TRUE,,0,Electric,,,,,,,,,,
102,Exeggcute,FALSE,FALSE,,0,Grass,Psychic,,,,,,,,,
103,Exeggutor,FALSE,FALSE,,0,Grass,Psychic,,,,,,,,,
104,Cubone,FALSE,FALSE,,0,Ground,,,,,,,,,,
105,Marowak,FALSE,FALSE,,0,Ground,,,,,,,,,,
106,Hitmonlee,FALSE,FALSE,,0,Fighting,,,,,,,,,,
107,Hitmonchan,FALSE,FALSE,,0,Fighting,,,,,,,,,,
108,Lickitung,FALSE,FALSE,,0,Normal,,,,,,,,,,
109,Koffing,TRUE,TRUE,,0,Poison,,,,,,,,,,
110,Weezing,TRUE,TRUE,,0,Poison,,,,,,,,,,
111,Rhyhorn,FALSE,TRUE,,0,Ground,Rock,,,,,,,,,
112,Rhydon,FALSE,TRUE,,0,Ground,Rock,,,,,,,,,
113,Chansey,FALSE,FALSE,,0,Normal,,,,,,,,,,
114,Tangela,FALSE,FALSE,,0,Grass,,,,,,,,,,
115,Kangaskhan,FALSE,FALSE,,0,Normal,,,,,,,,,,
116,Horsea,TRUE,TRUE,,0,Water,,,,,,,,,,
117,Seadra,TRUE,TRUE,,0,Water,,,,,,,,,,
118,Goldeen,TRUE,TRUE,,0,Water,,,,,,,,,,
119,Seaking,TRUE,TRUE,,0,Water,,,,,,,,,,
120,Staryu,FALSE,FALSE,,0,Water,,,,,,,,,,
121,Starmie,FALSE,FALSE,,0,Water,Psychic,,,,,,,,,
122,Mr. Mime,FALSE,FALSE,,0,Psychic,Fairy,,,,,,,,,
123,Scyther,FALSE,FALSE,,0,Bug,Flying,,,,,,,,,
124,Jynx,FALSE,FALSE,,0,Ice,Psychic,,,,,,,,,
125,Electabuzz,FALSE,FALSE,,0,Electric,,,,,,,,,,
126,Magmar,FALSE,FALSE,,0,Fire,,,,,,,,,,
127,Pinsir,FALSE,TRUE,,0,Bug,,,,,,,,,,
128,Tauros,FALSE,FALSE,,0,Normal,,,,,,,,,,
129,Magikarp,TRUE,TRUE,,0,Water,,,,,,,,,,
130,Gyarados,TRUE,TRUE,,0,Water,Flying,,,,,,,,,
131,Lapras,FALSE,FALSE,,0,Water,Ice,,,,,,,,,
132,Ditto,FALSE,TRUE,,0,Normal,,,,,,,,,,
133,Eevee,FALSE,FALSE,,0,Normal,,,,,,,,,,
134,Vaporeon,FALSE,FALSE,,0,Water,,,,,,,,,,
135,Jolteon,FALSE,FALSE,,0,Electric,,,,,,,,,,
136,Flareon,FALSE,FALSE,,0,Fire,,,,,,,,,,
137,Porygon,FALSE,FALSE,,0,Normal,,,,,,,,,,
138,Omanyte,FALSE,FALSE,,0,Rock,Water,,,,,,,,,
139,Omastar,FALSE,FALSE,,0,Rock,Water,,,,,,,,,
140,Kabuto,FALSE,FALSE,,0,Rock,Water,,,,,,,,,
141,Kabutops,FALSE,FALSE,,0,Rock,Water,,,,,,,,,
142,Aerodactyl,FALSE,FALSE,,0,Rock,Flying,,,,,,,,,
143,Snorlax,FALSE,FALSE,,0,Normal,,,,,,,,,,
144,Articuno,FALSE,FALSE,,0,Ice,Flying,,,,,,,,,
145,Zapdos,FALSE,FALSE,,0,Electric,Flying,,,,,,,,,
146,Moltres,FALSE,FALSE,,0,Fire,Flying,,,,,,,,,
147,Dratini,FALSE,FALSE,,0,Dragon,,,,,,,,,,
148,Dragonair,FALSE,FALSE,,0,Dragon,,,,,,,,,,
149,Dragonite,FALSE,FALSE,,0,Dragon,Flying,,,,,,,,,
150,Mewtwo,FALSE,FALSE,,0,Psychic,,,,,,,,,,
151,Mew,FALSE,FALSE,,0,Psychic,,,,,,,,,,
152,Chikorita,FALSE,TRUE,,0,Grass,,,,,,,,,,
153,Bayleef,FALSE,TRUE,,0,Grass,,,,,,,,,,
155,Cyndaquil,FALSE,TRUE,,0,Fire,,,,,,,,,,
156,Quilava,FALSE,TRUE,,0,Fire,,,,,,,,,,
157,Typhlosion,FALSE,TRUE,,0,Fire,,,,,,,,,,
158,Totodile,FALSE,TRUE,,0,Water,,,,,,,,,,
159,Croconaw,FALSE,TRUE,,0,Water,,,,,,,,,,
160,Feraligatr,FALSE,TRUE,,0,Water,,,,,,,,,,
161,Sentret,FALSE,FALSE,,0,Normal,,,,,,,,,,
162,Furret,FALSE,FALSE,,0,Normal,,,,,,,,,,
163,Hoothoot,FALSE,TRUE,,0,Normal,Flying,,,,,,,,,
164,Noctowl,FALSE,TRUE,,0,Normal,Flying,,,,,,,,,
165,Ledyba,FALSE,TRUE,,0,Bug,Flying,,,,,,,,,
166,Ledian,FALSE,TRUE,,0,Bug,Flying,,,,,,,,,
167,Spinarak,FALSE,TRUE,,0,Bug,Poison,,,,,,,,,
168,Ariados,FALSE,TRUE,,0,Bug,Poison,,,,,,,,,
169,Crobat,TRUE,TRUE,,0,Poison,Flying,,,,,,,,,
170,Chinchou,TRUE,TRUE,,0,Water,Electric,,,,,,,,,
171,Lanturn,TRUE,TRUE,,0,Water,Electric,,,,,,,,,
172,Pichu,FALSE,TRUE,,0,Electric,,,,,,,,,,
173,Cleffa,FALSE,FALSE,,0,Fairy,,,,,,,,,,
174,Igglybuff,TRUE,TRUE,,0,Normal,Fairy,,,,,,,,,
175,Togepi,FALSE,FALSE,,0,Fairy,,,,,,,,,,
176,Togetic,FALSE,FALSE,,0,Fairy,Flying,,,,,,,,,
177,Natu,FALSE,TRUE,,0,Psychic,Flying,,,,,,,,,
178,Xatu,FALSE,TRUE,,0,Psychic,Flying,,,,,,,,,
179,Mareep,FALSE,TRUE,,0,Electric,,,,,,,,,,
180,Flaaffy,FALSE,TRUE,,0,Electric,,,,,,,,,,
181,Ampharos,FALSE,TRUE,,0,Electric,,,,,,,,,,
182,Bellossom,TRUE,TRUE,,0,Grass,,,,,,,,,,
183,Marill,TRUE,TRUE,,0,Water,Fairy,,,,,,,,,
184,Azumarill,TRUE,TRUE,,0,Water,Fairy,,,,,,,,,
185,Sudowoodo,FALSE,TRUE,,0,Rock,,,,,,,,,,
186,Politoed,FALSE,FALSE,,0,Water,,,,,,,,,,
187,Hoppip,FALSE,FALSE,,0,Grass,Flying,,,,,,,,,
188,Skiploom,FALSE,FALSE,,0,Grass,Flying,,,,,,,,,
189,Jumpluff,FALSE,FALSE,,0,Grass,Flying,,,,,,,,,
190,Aipom,FALSE,TRUE,,0,Normal,,,,,,,,,,
191,Sunkern,FALSE,TRUE,,0,Grass,,,,,,,,,,
192,Sunflora,FALSE,TRUE,,0,Grass,,,,,,,,,,
193,Yanma,FALSE,FALSE,,0,Bug,Flying,,,,,,,,,
194,Wooper,FALSE,TRUE,,0,Water,Ground,,,,,,,,,
195,Quagsire,FALSE,TRUE,,0,Water,Ground,,,,,,,,,
196,Espeon,FALSE,FALSE,,0,Psychic,,,,,,,,,,
197,Umbreon,FALSE,FALSE,,0,Dark,,,,,,,,,,
198,Murkrow,FALSE,FALSE,,0,Dark,Flying,,,,,,,,,
199,Slowking,FALSE,FALSE,,0,Water,Psychic,,,,,,,,,
200,Misdreavus,FALSE,FALSE,,0,Ghost,,,,,,,,,,
201,Unown,FALSE,FALSE,,0,Psychic,,,,,,,,,,
202,Wobbuffet,TRUE,TRUE,,0,Psychic,,,,,,,,,,
203,Girafarig,FALSE,TRUE,,0,Normal,Psychic,,,,,,,,,
204,Pineco,FALSE,TRUE,,0,Bug,,,,,,,,,,
205,Forretress,FALSE,TRUE,,0,Bug,Steel,,,,,,,,,
206,Dunsparce,FALSE,FALSE,,0,Normal,,,,,,,,,,
207,Gligar,FALSE,TRUE,,0,Ground,Flying,,,,,,,,,
208,Steelix,FALSE,FALSE,,0,Steel,Ground,,,,,,,,,
209,Snubbull,FALSE,TRUE,,0,Fairy,,,,,,,,,,
210,Granbull,FALSE,TRUE,,0,Fairy,,,,,,,,,,
211,Qwilfish,FALSE,FALSE,,0,Water,Poison,,,,,,,,,
212,Scizor,FALSE,FALSE,,0,Bug,Steel,,,,,,,,,
213,Shuckle,FALSE,TRUE,,0,Bug,Rock,,,,,,,,,
214,Heracross,FALSE,TRUE,,0,Bug,Fighting,,,,,,,,,
215,Sneasel,FALSE,FALSE,,0,Dark,Ice,,,,,,,,,
216,Teddiursa,FALSE,TRUE,,0,Normal,,,,,,,,,,
217,Ursaring,FALSE,TRUE,,0,Normal,,,,,,,,,,
218,Slugma,TRUE,TRUE,,0,Fire,,,,,,,,,,
219,Magcargo,TRUE,TRUE,,0,Fire,Rock,,,,,,,,,
220,Swinub,FALSE,FALSE,,0,Ice,Ground,,,,,,,,,
221,Piloswine,FALSE,FALSE,,0,Ice,Ground,,,,,,,,,
222,Corsola,TRUE,TRUE,,0,Water,Rock,,,,,,,,,
223,Remoraid,FALSE,TRUE,,0,Water,,,,,,,,,,
224,Octillery,FALSE,TRUE,,0,Water,,,,,,,,,,
225,Delibird,FALSE,FALSE,,0,Ice,Flying,,,,,,,,,
226,Mantine,FALSE,FALSE,,0,Water,Flying,,,,,,,,,
227,Skarmory,TRUE,TRUE,,0,Steel,Flying,,,,,,,,,
228,Houndour,FALSE,TRUE,,0,Dark,Fire,,,,,,,,,
229,Houndoom,FALSE,TRUE,,0,Dark,Fire,,,,,,,,,
230,Kingdra,FALSE,FALSE,,0,Water,Dragon,,,,,,,,,
231,Phanpy,FALSE,TRUE,,0,Ground,,,,,,,,,,
232,Donphan,FALSE,TRUE,,0,Ground,,,,,,,,,,
233,Porygon2,FALSE,FALSE,,0,Normal,,,,,,,,,,
234,Stantler,FALSE,TRUE,,0,Normal,,,,,,,,,,
235,Smeargle,FALSE,TRUE,,0,Normal,,,,,,,,,,
236,Tyrogue,FALSE,FALSE,,0,Fighting,,,,,,,,,,
237,Hitmontop,FALSE,FALSE,,0,Fighting,,,,,,,,,,
238,Smoochum,FALSE,FALSE,,0,Ice,Psychic,,,,,,,,,
239,Elekid,FALSE,FALSE,,0,Electric,,,,,,,,,,
240,Magby,FALSE,FALSE,,0,Fire,,,,,,,,,,
241,Miltank,FALSE,TRUE,,0,Normal,,,,,,,,,,
242,Blissey,FALSE,FALSE,,0,Normal,,,,,,,,,,
243,Raikou,FALSE,FALSE,,0,Electric,,,,,,,,,,
244,Entei,FALSE,FALSE,,0,Fire,,,,,,,,,,
245,Suicune,FALSE,FALSE,,0,Water,,,,,,,,,,
246,Larvitar,FALSE,FALSE,,0,Rock,Ground,,,,,,,,,
247,Pupitar,FALSE,FALSE,,0,Rock,Ground,,,,,,,,,
248,Tyranitar,FALSE,FALSE,,0,Rock,Dark,,,,,,,,,
249,Lugia,FALSE,FALSE,,0,Psychic,Flying,,,,,,,,,
250,Ho-oh,FALSE,FALSE,,0,Fire,Flying,,,,,,,,,
251,Celebi,FALSE,FALSE,,0,Psychic,Grass,,,,,,,,,
252,Treecko,TRUE,TRUE,can only pick 1 starter,0,Grass,,,,,,,,,,
253,Grovyle,TRUE,TRUE,can only pick 1 starter,0,Grass,,,,,,,,,,
254,Sceptile,TRUE,TRUE,can only pick 1 starter,0,Grass,,,,,,,,,,
255,Torchic,TRUE,TRUE,can only pick 1 starter,0,Fire,,,,,,,,,,
256,Combusken,TRUE,TRUE,can only pick 1 starter,0,Fire,Fighting,,,,,,,,,
257,Blaziken,TRUE,TRUE,can only pick 1 starter,0,Fire,Fighting,,,,,,,,,
258,Mudkip,TRUE,TRUE,can only pick 1 starter,0,Water,,,,,,,,,,
259,Marshtomp,TRUE,TRUE,can only pick 1 starter,0,Water,Ground,,,,,,,,,
260,Swampert,TRUE,TRUE,can only pick 1 starter,0,Water,Ground,,,,,,,,,
261,Poochyena,TRUE,TRUE,,0,Dark,,,,,,,,,,
262,Mightyena,TRUE,TRUE,,0,Dark,,,,,,,,,,
263,Zigzagoon,TRUE,TRUE,,0,Normal,,,,,,,,,,
264,Linoone,TRUE,TRUE,,0,Normal,,,,,,,,,,
265,Wurmple,TRUE,TRUE,,0,Bug,,,,,,,,,,
266,Silcoon,TRUE,TRUE,,0,Bug,,,,,,,,,,
267,Beautifly,TRUE,TRUE,,0,Bug,Flying,,,,,,,,,
268,Cascoon,TRUE,TRUE,,0,Bug,,,,,,,,,,
269,Dustox,TRUE,TRUE,,0,Bug,Poison,,,,,,,,,
270,Lotad,TRUE,TRUE,,0,Water,Grass,,,,,,,,,
271,Lombre,TRUE,TRUE,,0,Water,Grass,,,,,,,,,
272,Ludicolo,TRUE,TRUE,,0,Water,Grass,,,,,,,,,
273,Seedot,TRUE,TRUE,,0,Grass,,,,,,,,,,
274,Nuzleaf,TRUE,TRUE,,0,Grass,Dark,,,,,,,,,
275,Shiftry,TRUE,TRUE,,0,Grass,Dark,,,,,,,,,
276,Taillow,TRUE,TRUE,,0,Normal,Flying,,,,,,,,,
277,Swellow,TRUE,TRUE,,0,Normal,Flying,,,,,,,,,
278,Wingull,TRUE,TRUE,,0,Water,Flying,,,,,,,,,
279,Pelipper,TRUE,TRUE,,0,Water,Flying,,,,,,,,,
280,Ralts,TRUE,TRUE,,0,Psychic,Fairy,,,,,,,,,
281,Kirlia,TRUE,TRUE,,0,Psychic,Fairy,,,,,,,,,
282,Gardevoir,TRUE,TRUE,,0,Psychic,Fairy,,,,,,,,,
283,Surskit,FALSE,FALSE,,0,Bug,Water,,,,,,,,,
284,Masquerain,FALSE,FALSE,,0,Bug,Flying,,,,,,,,,
285,Shroomish,TRUE,TRUE,,0,Grass,,,,,,,,,,
286,Breloom,TRUE,TRUE,,0,Grass,Fighting,,,,,,,,,
287,Slakoth,TRUE,TRUE,,0,Normal,,,,,,,,,,
288,Vigoroth,TRUE,TRUE,,0,Normal,,,,,,,,,,
289,Slaking,TRUE,TRUE,,0,Normal,,,,,,,,,,
290,Nincada,TRUE,TRUE,,0,Bug,Ground,,,,,,,,,
291,Ninjask,TRUE,TRUE,,0,Bug,Flying,,,,,,,,,
292,Shedinja,TRUE,TRUE,,0,Bug,Ghost,,,,,,,,,
293,Whismur,TRUE,TRUE,,0,Normal,,,,,,,,,,
294,Loudred,TRUE,TRUE,,0,Normal,,,,,,,,,,
295,Exploud,TRUE,TRUE,,0,Normal,,,,,,,,,,
296,Makuhita,TRUE,TRUE,,0,Fighting,,,,,,,,,,
297,Hariyama,TRUE,TRUE,,0,Fighting,,,,,,,,,,
298,Azurill,TRUE,TRUE,,0,Normal,Fairy,,,,,,,,,
299,Nosepass,TRUE,TRUE,,0,Rock,,,,,,,,,,
300,Skitty,TRUE,TRUE,,0,Normal,,,,,,,,,,
301,Delcatty,TRUE,TRUE,,0,Normal,,,,,,,,,,
302,Sableye,TRUE,TRUE,,0,Dark,Ghost,,,,,,,,,
303,Mawile,TRUE,TRUE,,0,Steel,Fairy,,,,,,,,,
304,Aron,TRUE,TRUE,,0,Steel,Rock,,,,,,,,,
305,Lairon,TRUE,TRUE,,0,Steel,Rock,,,,,,,,,
306,Aggron,TRUE,TRUE,,0,Steel,Rock,,,,,,,,,
307,Meditite,FALSE,FALSE,,0,Fighting,Psychic,,,,,,,,,
308,Medicham,FALSE,FALSE,,0,Fighting,Psychic,,,,,,,,,
309,Electrike,TRUE,TRUE,,0,Electric,,,,,,,,,,
310,Manectric,TRUE,TRUE,,0,Electric,,,,,,,,,,
311,Plusle,TRUE,TRUE,,0,Electric,,,,,,,,,,
312,Minun,TRUE,TRUE,,0,Electric,,,,,,,,,,
313,Volbeat,TRUE,TRUE,,0,Bug,,,,,,,,,,
314,Illumise,TRUE,TRUE,,0,Bug,,,,,,,,,,
315,Roselia,FALSE,FALSE,,0,Grass,Poison,,,,,,,,,
316,Gulpin,TRUE,TRUE,,0,Poison,,,,,,,,,,
317,Swalot,TRUE,TRUE,,0,Poison,,,,,,,,,,
318,Carvanha,TRUE,TRUE,,0,Water,Dark,,,,,,,,,
319,Sharpedo,TRUE,TRUE,,0,Water,Dark,,,,,,,,,
320,Wailmer,TRUE,TRUE,,0,Water,,,,,,,,,,
321,Wailord,TRUE,TRUE,,0,Water,,,,,,,,,,
322,Numel,TRUE,TRUE,,0,Fire,Ground,,,,,,,,,
323,Camerupt,TRUE,TRUE,,0,Fire,Ground,,,,,,,,,
324,Torkoal,TRUE,TRUE,,0,Fire,,,,,,,,,,
325,Spoink,TRUE,TRUE,,0,Psychic,,,,,,,,,,
326,Grumpig,TRUE,TRUE,,0,Psychic,,,,,,,,,,
327,Spinda,TRUE,TRUE,,0,Normal,,,,,,,,,,
328,Trapinch,TRUE,TRUE,,0,Ground,,,,,,,,,,
329,Vibrava,TRUE,TRUE,,0,Ground,Dragon,,,,,,,,,
330,Flygon,TRUE,TRUE,,0,Ground,Dragon,,,,,,,,,
331,Cacnea,TRUE,TRUE,,0,Grass,,,,,,,,,,
332,Cacturne,TRUE,TRUE,,0,Grass,Dark,,,,,,,,,
333,Swablu,TRUE,TRUE,,0,Normal,Flying,,,,,,,,,
334,Altaria,TRUE,TRUE,,0,Dragon,Flying,,,,,,,,,
335,Zangoose,FALSE,FALSE,,0,Normal,,,,,,,,,,
336,Seviper,TRUE,TRUE,,0,Poison,,,,,,,,,,
337,Lunatone,FALSE,FALSE,,0,Rock,Psychic,,,,,,,,,
338,Solrock,TRUE,TRUE,,0,Rock,Psychic,,,,,,,,,
339,Barboach,TRUE,TRUE,,0,Water,Ground,,,,,,,,,
340,Whiscash,TRUE,TRUE,,0,Water,Ground,,,,,,,,,
341,Corphish,TRUE,TRUE,,0,Water,,,,,,,,,,
342,Crawdaunt,TRUE,TRUE,,0,Water,Dark,,,,,,,,,
343,Baltoy,TRUE,TRUE,,0,Ground,Psychic,,,,,,,,,
344,Claydol,TRUE,TRUE,,0,Ground,Psychic,,,,,,,,,
345,Lileep,TRUE,TRUE,Can't have both lileep and anorith,0,Rock,Grass,,,,,,,,,
346,Cradily,TRUE,TRUE,,0,Rock,Grass,,,,,,,,,
347,Anorith,TRUE,TRUE,Can't have both lileep and anorith,0,Rock,Bug,,,,,,,,,
348,Armaldo,TRUE,TRUE,,0,Rock,Bug,,,,,,,,,
349,Feebas,TRUE,TRUE,,0,Water,,,,,,,,,,
350,Milotic,TRUE,TRUE,,0,Water,,,,,,,,,,
351,Castform,TRUE,TRUE,,0,Normal,,,,,,,,,,
352,Kecleon,TRUE,TRUE,,0,Normal,,,,,,,,,,
353,Shuppet,TRUE,TRUE,,0,Ghost,,,,,,,,,,
354,Banette,TRUE,TRUE,,0,Ghost,,,,,,,,,,
355,Duskull,TRUE,TRUE,,0,Ghost,,,,,,,,,,
356,Dusclops,TRUE,TRUE,,0,Ghost,,,,,,,,,,
357,Tropius,TRUE,TRUE,,0,Grass,Flying,,,,,,,,,
358,Chimecho,TRUE,TRUE,,0,Psychic,,,,,,,,,,
359,Absol,TRUE,TRUE,,0,Dark,,,,,,,,,,
360,Wynaut,TRUE,TRUE,,0,Psychic,,,,,,,,,,
361,Snorunt,TRUE,TRUE,,0,Ice,,,,,,,,,,
362,Glalie,TRUE,TRUE,,0,Ice,,,,,,,,,,
363,Spheal,TRUE,TRUE,,0,Ice,Water,,,,,,,,,
364,Sealeo,TRUE,TRUE,,0,Ice,Water,,,,,,,,,
365,Walrein,TRUE,TRUE,,0,Ice,Water,,,,,,,,,
366,Clamperl,TRUE,TRUE,,0,Water,,,,,,,,,,
367,Huntail,FALSE,FALSE,trade,0,Water,,,,,,,,,,
368,Gorebyss,FALSE,FALSE,trade,0,Water,,,,,,,,,,
369,Relicanth,TRUE,TRUE,,0,Water,Rock,,,,,,,,,
370,Luvdisc,TRUE,TRUE,,0,Water,,,,,,,,,,
371,Bagon,TRUE,TRUE,,0,Dragon,,,,,,,,,,
372,Shelgon,TRUE,TRUE,,0,Dragon,,,,,,,,,,
373,Salamence,TRUE,TRUE,,0,Dragon,Flying,,,,,,,,,
374,Beldum,FALSE,TRUE,,0,Steel,Psychic,,,,,,,,,
375,Metang,FALSE,TRUE,,0,Steel,Psychic,,,,,,,,,
376,Metagross,FALSE,TRUE,,0,Steel,Psychic,,,,,,,,,
377,Regirock,TRUE,TRUE,,0,Rock,,,,,,,,,,
378,Regice,TRUE,TRUE,,0,Ice,,,,,,,,,,
379,Registeel,TRUE,TRUE,,0,Steel,,,,,,,,,,
380,Latias,FALSE,TRUE,,0,Dragon,Psychic,,,,,,,,,
381,Latios,FALSE,TRUE,,0,Dragon,Psychic,,,,,,,,,
382,Kyogre,FALSE,TRUE,,0,Water,,,,,,,,,,
383,Groudon,FALSE,TRUE,,0,Ground,,,,,,,,,,
384,Rayquaza,TRUE,TRUE,,0,Dragon,Flying,,,,,,,,,
385,Jirachi,FALSE,FALSE,event,0,Steel,Psychic,,,,,,,,,
386,Deoxys,FALSE,FALSE,event,0,Psychic,,,,,,,,,,
,,,,,,,,,,,,,,,,
,,,,,,,,,,,,,,,,
,,,,,,,,,,,,,,,,
